<?xml version="1.0" ?>
<manifest identifier="H8M6rjMW8imzVudsYDQlK9rdLAa-kI2qlKgG5hr2" version="1"
  xmlns="http://www.imsproject.org/xsd/imscp_rootv1p1p2"
  xmlns:adlcp="http://www.adlnet.org/xsd/adlcp_rootv1p2"
  xmlns:xsi="http://www.w3.org/2001/XMLSchema-instance"
  xsi:schemaLocation="http://www.imsproject.org/xsd/imscp_rootv1p1p2 imscp_rootv1p1p2.xsd
                      http://www.imsglobal.org/xsd/imsmd_rootv1p2p1 imsmd_rootv1p2p1.xsd
                      http://www.adlnet.org/xsd/adlcp_rootv1p2 adlcp_rootv1p2.xsd">
  <metadata>
    <schema>ADL SCORM</schema>
    <schemaversion>1.2</schemaversion>
    <adlcp:location>metadata.xml</adlcp:location>
  </metadata>
  <organizations default="articulate_rise">
      <organization identifier="articulate_rise">
      <title>Quiz module 3 : L&#39;intelligence artificielle à notre service ?</title>
      <item identifier="i1" identifierref="r1" isvisible="true">
        <title>Quiz module 3 : L&#39;intelligence artificielle à notre service ?</title>
        <adlcp:datafromlms>eyJjcHYiOiJsS2dHNWhyMiIsInJsZCI6ZmFsc2V9</adlcp:datafromlms>
      </item>
    </organization>
  </organizations>
  <resources>
    <resource identifier="r1" type="webcontent" adlcp:scormtype="sco" href="scormdriver/indexAPI.html">
      <!-- SCORMDRIVER STUFF -->
      <file href="scormdriver/indexAPI.html" />
      <file href="scormdriver/preloadIntegrity.js" />
      <file href="scormdriver/driverOptions.js" />
      <file href="scormdriver/AICCComm.html" />
      <file href="scormdriver/auto-scripts/AutoBookmark.js" />
      <file href="scormdriver/auto-scripts/AutoCompleteSCO.js" />
      <file href="scormdriver/auto-scripts/CourseExit.js" />
      <file href="scormdriver/blank.html" />
      <file href="scormdriver/goodbye.html" />
      <file href="scormdriver/scormdriver.js" />
      <file href="scormdriver/browsersniff.js" />

      <!-- RUNTIME COMMON STUFF -->
      <file href="scormcontent/index.html" />
      <file href="scormcontent/lib/main.bundle.js"/>

      
        <file href="scormcontent/lib/fonts/icomoon.ttf"/>
        <file href="scormcontent/lib/fonts/icomoon.woff"/>

        <file href="scormcontent/lib/icomoon.css"/>
        <file href="scormcontent/lib/main.bundle.css"/>
        <file href="scormcontent/lib/player-0.0.11.min.js"/>
        <file href="scormcontent/lib/lzwcompress.js"/>
      

      <!-- RUNTIME CONTENT STUFF -->
      <file href="scormcontent/lib/fonts/OpenSans-Light.woff" />
<file href="scormcontent/lib/fonts/OpenSans-Regular.woff" />
<file href="scormcontent/lib/fonts/OpenSans-Bold.woff" />
<file href="scormcontent/lib/fonts/OpenSans-Italic.woff" />
<file href="scormcontent/lib/fonts/Lato-Light.woff" />
<file href="scormcontent/lib/fonts/Lato-Regular.woff" />
<file href="scormcontent/lib/fonts/Lato-Bold.woff" />
<file href="scormcontent/lib/fonts/Lato-Italic.woff" />
<file href="scormcontent/lib/fonts/Lato-Black.woff" />
<file href="scormcontent/assets/04HZIXlPDqLyGEaV_small.png" />
<file href="scormcontent/assets/WLZBlQjn2puzasA2_V7xTp5ptbilN69y2.png" />
<file href="scormcontent/assets/VVPR7WpxuSqvHyNv_qm7ovFIibcIlMSN5.jpg" />
<file href="scormcontent/assets/_66-odF0Y_E8HGeS_58M_zNa6SAE0wka_.jpg" />
<file href="scormcontent/assets/GrmxLiTN7n67hyse_ahKtIEimlmtAo_5B.jpg" />
<file href="scormcontent/assets/9paKv1mKuBOFdLJP_4Fh89nkjuC6s0pyW.jpg" />
<file href="scormcontent/assets/4Txxpz0sA1sh3VLK_KCMtYEl3a3YbMt1_.jpg" />
<file href="scormcontent/assets/BMg4amWMr34F_Jdp_qYjCRRWXgzESWfaE.jpg" />

    </resource>
  </resources>
</manifest>
